FS,FE,CLF,n_ok_folds,n_total_folds,success_rate,accuracy_mean,accuracy_std,macro_f1_mean,macro_f1_std,weighted_f1_mean,weighted_f1_std,precision_mean,precision_std,recall_mean,recall_std
Chi2,LDA,STACK,15,15,1.0,0.9533484170115952,0.00637932050029068,0.8360931906196268,0.059546304591979536,0.9588174152650561,0.004915494678069893,0.7937990856973263,0.05671033005338038,0.9091992605689578,0.062398776251296584
ANOVA,LDA,STACK,15,15,1.0,0.9522910351120804,0.008584631869403685,0.8328699479660154,0.06281088507551665,0.9583300495807482,0.006607163745993189,0.789409034533029,0.06018659765058099,0.9111214653281653,0.06264122193330679
ANOVA,PCA,STACK,15,15,1.0,0.9504694845025755,0.004962796047406073,0.8285179434966954,0.06257222049103064,0.9574782690291355,0.004064678589063386,0.7836626452241403,0.06073152445462164,0.910810284811988,0.0634744436414173
ANOVA,SVD,STACK,15,15,1.0,0.9504694845025755,0.004962796047406073,0.8285179434966954,0.06257222049103064,0.9574782690291355,0.004064678589063386,0.7836626452241403,0.06073152445462164,0.910810284811988,0.0634744436414173
ANOVA,ICA,STACK,15,15,1.0,0.9459013412090563,0.0068358926800990575,0.8276621728760236,0.06049427421310809,0.9543057481060156,0.005371570905803036,0.7865997788256727,0.059068870689031695,0.9089000690250442,0.062043377710935724
VT,LDA,STACK,15,15,1.0,0.9563155523358227,0.005182798215497107,0.8269880701766811,0.05662977332791036,0.9609818613799546,0.00419194069142942,0.7855166199680401,0.05548770414448702,0.8975638934352129,0.05855031819531655
Chi2,ICA,STACK,15,15,1.0,0.9380719269813259,0.007411808524521819,0.8195587214347279,0.057673585599142735,0.9482302240157421,0.005691010390803282,0.7761390670252263,0.053931412168353725,0.9079355472218216,0.06369958563801147
VT,LDA,RF,15,15,1.0,0.9531723447471698,0.006267084356228745,0.8162637432432851,0.05652448234114667,0.958372407666885,0.0052035932952353816,0.7726647346733416,0.05352762200412523,0.8914997712650614,0.05810336845002503
Chi2,PCA,STACK,15,15,1.0,0.9328868656486189,0.007880141654123561,0.8156682275469763,0.05781793411531785,0.9446241967172014,0.00617863319727479,0.7728650136827449,0.055128436807094686,0.9059922995067965,0.06299050114490093
Chi2,SVD,STACK,15,15,1.0,0.9328868656486189,0.007880141654123561,0.8156682275469763,0.05781793411531785,0.9446241967172014,0.00617863319727479,0.7728650136827449,0.055128436807094686,0.9059922995067965,0.06299050114490093
VT,LDA,KNN,15,15,1.0,0.947928339128885,0.006706487069407106,0.8108084516871653,0.05402115816637925,0.9549238238795592,0.005449867168749855,0.7662167802446985,0.051181256921169156,0.8947820651801889,0.05745289553984892
ANOVA,LDA,KNN,15,15,1.0,0.9333276920040031,0.006609057637974182,0.8105214585062546,0.06056709120916029,0.9444683514703123,0.005075495824756297,0.7643417151993772,0.05853371866048382,0.9111399399034904,0.06325876300416255
VT,LDA,ET,15,15,1.0,0.9529960006114514,0.0065795289682387135,0.8098733825790596,0.046372855749590366,0.9585299186319828,0.005348672280826699,0.766740829908221,0.04439465273293615,0.8856885422742712,0.04919731768520243
Chi2,LDA,KNN,15,15,1.0,0.9314769508326916,0.008545264484512455,0.8076913478446186,0.05627261563352379,0.9427039201817472,0.007138751513722286,0.76310583492075,0.053424506166924755,0.9020969999408393,0.0598562380557474
ANOVA,ICA,SVM,15,15,1.0,0.9147462050732282,0.011631849771382822,0.8073939192884795,0.05835620697553965,0.9328997242760273,0.007859819516781436,0.7732090250440596,0.054345683059039133,0.9025557610811156,0.06469821565854024
ANOVA,LDA,RF,15,15,1.0,0.9427580365235131,0.010825713675046858,0.8065215872636041,0.05733827990890267,0.9512444179114806,0.008374483727084695,0.7623350334143243,0.05535856159962948,0.8943469540734746,0.056935349280108655
ANOVA,ICA,RF,15,15,1.0,0.9318293413403314,0.005999164327428621,0.805953255857592,0.059112037211664574,0.9449189814910273,0.004478455239357205,0.7724773431267377,0.055857699161187,0.8900640219533288,0.06412201894067344
ANOVA,PCA,ET,15,15,1.0,0.9368236946706723,0.005970660948754338,0.805801668528245,0.05650106175913578,0.9480938050804475,0.004532186565828013,0.764006806101674,0.0568622374606627,0.8948187186989998,0.05630685689712022
ANOVA,SVD,ET,15,15,1.0,0.9368236946706723,0.005970660948754338,0.805801668528245,0.05650106175913578,0.9480938050804475,0.004532186565828013,0.764006806101674,0.0568622374606627,0.8948187186989998,0.05630685689712022
ANOVA,PCA,RF,15,15,1.0,0.9378958029318923,0.005680326405706513,0.8050104573114455,0.053495905366993966,0.949110431950904,0.004451299080951054,0.7635272269136472,0.05109472585954097,0.8941496932657251,0.056656215902928415
ANOVA,SVD,RF,15,15,1.0,0.9378958029318923,0.005680326405706513,0.8050104573114455,0.053495905366993966,0.949110431950904,0.004451299080951054,0.7635272269136472,0.05109472585954097,0.8941496932657251,0.056656215902928415
Chi2,ICA,XGB,15,15,1.0,0.9309039076416968,0.006836380599954983,0.8027145646774394,0.05502670815144777,0.9430386533922449,0.005290762112214986,0.7576352750351355,0.05325437855072207,0.8982766341879456,0.058574053732181476
Chi2,ICA,RF,15,15,1.0,0.9204896220739812,0.010045134761582263,0.8025794251272591,0.05882138007532934,0.935970242549408,0.007595983996892868,0.7678041205340544,0.05483187176108269,0.8938883469746487,0.06465799296421276
ANOVA,ICA,ET,15,15,1.0,0.9277311696521209,0.006547763327644982,0.8012832274387515,0.0541498191190874,0.9420095768477904,0.004969117275633241,0.7650639902086359,0.05160686319800112,0.8903935541873814,0.05817978957608197
Chi2,LDA,RF,15,15,1.0,0.9466354843239821,0.007646300179669681,0.7992292413274538,0.040209746270867534,0.9540494300900081,0.005939877044581001,0.7586372788053128,0.038405477951245236,0.8761789693558512,0.043903306885758206
Chi2,ICA,ET,15,15,1.0,0.9174488322852858,0.010821483036536371,0.7986947078459381,0.05176813816125651,0.934275771364662,0.00842437607827853,0.7622730177106377,0.04833683142310701,0.8933616982042224,0.05883591279284042
Chi2,LDA,LGBM,15,15,1.0,0.9493529997258955,0.005532103368735985,0.7978184373042648,0.03239029992350737,0.9558197583438754,0.004222507641476523,0.7544876093583145,0.029996860714116065,0.8776022062772938,0.043404366094389316
ANOVA,PCA,KNN,15,15,1.0,0.9157891939770282,0.00786529386740607,0.7953752744705136,0.0567177987620822,0.9327741833569629,0.005571502865849356,0.7465270572692791,0.05296527695074828,0.9084591210211473,0.06273633179630463
ANOVA,SVD,KNN,15,15,1.0,0.9157891939770282,0.00786529386740607,0.7953752744705136,0.0567177987620822,0.9327741833569629,0.005571502865849356,0.7465270572692791,0.05296527695074828,0.9084591210211473,0.06273633179630463
VT,LDA,XGB,15,15,1.0,0.9539066852924395,0.006136630345910069,0.7947310059166663,0.029873338582924364,0.9591444020166615,0.005031844833216188,0.7523365050729406,0.02793611827274056,0.8667632281938145,0.03306389185446995
Chi2,ICA,SVM,15,15,1.0,0.8919052749924725,0.017593466511238505,0.7937619770343872,0.05580457693337325,0.9175620581981448,0.012367339698942778,0.763943341761269,0.053493670951630566,0.8952886238378299,0.060616676585325116
ANOVA,ICA,LR,15,15,1.0,0.9064322773625751,0.008042708468659667,0.7929239026314864,0.05734008466958567,0.9261596328095699,0.006121733185875763,0.7520111537226242,0.05320938712806894,0.9028928325472545,0.06496055545608936
Chi2,ICA,CAT,15,15,1.0,0.9253955460297033,0.008520598059509568,0.792514407271103,0.05229002973121023,0.9389425514749868,0.006634239950286377,0.7521054164725105,0.05035497250539448,0.8845327912433987,0.055355225954591976
ANOVA,PCA,LR,15,15,1.0,0.903318124400083,0.007838533083083122,0.7916279137121579,0.05567532738732227,0.9242157096130537,0.005444435420233728,0.7485488940713648,0.05358113281131573,0.9059800025444563,0.0628304882818636
ANOVA,SVD,LR,15,15,1.0,0.9033769068575099,0.0077149686748242425,0.7916130150022058,0.05584493840371213,0.9242479325093463,0.005335395820653418,0.7484701316223352,0.05380375747116333,0.9059926355408084,0.0628742252261363
Chi2,LDA,ET,15,15,1.0,0.9446673983241013,0.005895408728421449,0.7910242865850898,0.029327720993265565,0.9524242389420465,0.004601582078304153,0.7495710722415699,0.027299214408401367,0.8693913896801738,0.031505235710581184
VT,ICA,STACK,15,15,1.0,0.9238094133040152,0.007367348131936056,0.7876026936388238,0.059727693122534294,0.9363717087943901,0.006096237841063855,0.7348980023790427,0.06007735549316978,0.8985429889210041,0.05932921960991235
ANOVA,PCA,XGB,15,15,1.0,0.9424787988130745,0.006718203756849979,0.7872338408873278,0.043782307352428586,0.951295341943982,0.005398898880894504,0.7396522870753046,0.043155778203459894,0.8772965398266755,0.04407523750961615
ANOVA,SVD,XGB,15,15,1.0,0.9424787988130745,0.006718203756849979,0.7872338408873278,0.043782307352428586,0.951295341943982,0.005398898880894504,0.7396522870753046,0.043155778203459894,0.8772965398266755,0.04407523750961615
ANOVA,ICA,KNN,15,15,1.0,0.9046405096059087,0.008649264170535506,0.7867716445438387,0.058793779722571826,0.9235841215768207,0.0061060688521738776,0.7359176474495648,0.05658609727508283,0.905536765366927,0.06293860393814706
Chi2,PCA,KNN,15,15,1.0,0.9002041203194889,0.010112380908354212,0.786696027454132,0.05244871401854049,0.9206474047967121,0.0077267490805486986,0.7391550438262908,0.04637237121265804,0.9027947823143443,0.06121112840196095
Chi2,SVD,KNN,15,15,1.0,0.9002041203194889,0.010112380908354212,0.786696027454132,0.05244871401854049,0.9206474047967121,0.0077267490805486986,0.7391550438262908,0.04637237121265804,0.9027947823143443,0.06121112840196095
ANOVA,PCA,CAT,15,15,1.0,0.9376019391932018,0.004562300552522877,0.7864890791845921,0.041189802840992225,0.9475724182938471,0.0037924262289105266,0.7410151911184908,0.03899997374160953,0.8765976843771868,0.044662121633684444
ANOVA,SVD,CAT,15,15,1.0,0.9376019391932018,0.004562300552522877,0.7864890791845921,0.041189802840992225,0.9475724182938471,0.0037924262289105266,0.7410151911184908,0.03899997374160953,0.8765976843771868,0.044662121633684444
Chi2,ICA,KNN,15,15,1.0,0.8943434135117379,0.009857459844167415,0.7857318548646912,0.05342370854896428,0.9167262317139511,0.007439425087582805,0.7425499234382668,0.04965011336643277,0.8991106031396268,0.059381486367057985
ANOVA,ICA,LGBM,15,15,1.0,0.9416267541807415,0.0061590373439733845,0.7852069392939899,0.03065293002157691,0.9511973064312003,0.004825893590437277,0.7436106608257343,0.030690664468990478,0.8697105651612952,0.03128486581998675
Chi2,LDA,XGB,15,15,1.0,0.9482366411751729,0.006574658141485963,0.7851087601905554,0.007306421696058011,0.9547374062281475,0.00520589819231245,0.7438460355747999,0.008026788610682411,0.8587580019072754,0.004550350585576151
Chi2,ICA,LGBM,15,15,1.0,0.9327251799067825,0.008474997410075803,0.7842010765544944,0.035346042555483896,0.9444491422206162,0.006456364623336832,0.7393150745597585,0.0323350535030858,0.8826784256961422,0.05163823236336222
VT,LDA,GB,15,15,1.0,0.9509836966876981,0.006311266308171163,0.7834002145439422,0.00996319681649041,0.9570072779940676,0.005329901183566895,0.7420877412964886,0.0121738340325554,0.8549424946815964,0.006077605764128352
Chi2,PCA,ET,15,15,1.0,0.9137178972192519,0.010308211480983638,0.7817229832162607,0.04592023295749506,0.9316645533670618,0.00781770250411024,0.7428117356612257,0.045165313419192415,0.8793695587086344,0.04969826798475604
Chi2,SVD,ET,15,15,1.0,0.9137178972192519,0.010308211480983638,0.7817229832162607,0.04592023295749506,0.9316645533670618,0.00781770250411024,0.7428117356612257,0.045165313419192415,0.8793695587086344,0.04969826798475604
ANOVA,LDA,ET,15,15,1.0,0.9439037312813785,0.008069179796299506,0.781459706863854,0.0117021466081871,0.9521325442844327,0.006237001426599519,0.739269781688265,0.013485770917645452,0.8636700389014031,0.0022136139436555228
Chi2,PCA,RF,15,15,1.0,0.9122931557081659,0.009425361804349863,0.7812850663573373,0.04582877445010131,0.9309569864543138,0.007038360624836135,0.7417716128319878,0.044525419464722195,0.8809034598520671,0.049871729961063746
Chi2,SVD,RF,15,15,1.0,0.9122931557081659,0.009425361804349863,0.7812850663573373,0.04582877445010131,0.9309569864543138,0.007038360624836135,0.7417716128319878,0.044525419464722195,0.8809034598520671,0.049871729961063746
ANOVA,LDA,XGB,15,15,1.0,0.9468413394412456,0.008565252997920344,0.7803362178560176,0.013774690247751376,0.9539721430180474,0.006559771848219313,0.7370133837082213,0.016235627812415367,0.8617134580231414,0.003282701035197328
Chi2,LDA,GB,15,15,1.0,0.9381159636576697,0.0068761416140284,0.7795578824647827,0.01325041656850505,0.9474287174599998,0.005066146046974186,0.7357337761710591,0.01070527116164927,0.8816279385508218,0.051892254348177645
ANOVA,ICA,XGB,15,15,1.0,0.9378371855391789,0.006124944959424807,0.7770464770630033,0.02818810594893407,0.9482873739699555,0.004793348537684645,0.7329211160194368,0.028108955843399164,0.8670946460391357,0.02992492696621461
ANOVA,ICA,CAT,15,15,1.0,0.9355898359363551,0.007061487850643149,0.7765930360869518,0.03170140732165767,0.9461198647450134,0.005320131775029967,0.7358293608568187,0.031554187946301805,0.8617277250793547,0.029874322858261426
ANOVA,PCA,LGBM,15,15,1.0,0.9447408747776035,0.005883428889890446,0.7747525341364584,0.012328602296523024,0.9532102684665825,0.004705660458045318,0.7294991042321747,0.01610784648930325,0.8613425612625208,0.005037392345204285
ANOVA,SVD,LGBM,15,15,1.0,0.9447408747776035,0.005883428889890446,0.7747525341364584,0.012328602296523024,0.9532102684665825,0.004705660458045318,0.7294991042321747,0.01610784648930325,0.8613425612625208,0.005037392345204285
VT,PCA,STACK,15,15,1.0,0.9217822017710281,0.005103978641597172,0.77311152209064,0.05967966246204387,0.9345823606632905,0.004461979420404111,0.7176773025467622,0.056840305223300566,0.8926439586236725,0.06668418235668284
VT,SVD,STACK,15,15,1.0,0.9214737476062783,0.005877236269719607,0.7723408317945352,0.05892226867379595,0.9343440795151151,0.0049926475255564744,0.7171715329268769,0.056474708134293304,0.891958899572573,0.06503902417059317
VT,ICA,RF,15,15,1.0,0.9106922286529493,0.008742482427959561,0.7722984475675709,0.05557190241857264,0.9275463239229579,0.00698957067952477,0.7303178359646225,0.053964402724936994,0.880374880943376,0.05852513509459072
VT,LDA,CAT,15,15,1.0,0.9482220280931727,0.005740052075121227,0.7718908224757687,0.008945731101871317,0.9540798966234345,0.004576385253107463,0.7232856351213969,0.012413076803322839,0.8549730211041687,0.006669416111379974
ANOVA,LDA,CAT,15,15,1.0,0.94327230696677,0.010191403677952597,0.770628088974402,0.036928851270275585,0.950614026252977,0.007957645835553213,0.7168318764534034,0.03801397198059217,0.8680884019216598,0.03305495470401999
Chi2,LDA,DT,15,15,1.0,0.934179325592834,0.0065291893399468896,0.7705986531833837,0.020832325752704144,0.9431037607834641,0.005603219361278101,0.7241514459719965,0.01869525733198365,0.8851936502506549,0.06566545301939375
Chi2,LDA,CAT,15,15,1.0,0.9433747862614245,0.007815897084366426,0.7705387248584598,0.013743956531889236,0.9502947191640215,0.006661639903476593,0.7211495792321394,0.020148839807953678,0.8580484490429982,0.005949619362859292
ANOVA,LDA,GB,15,15,1.0,0.9336215298501893,0.011588940490410028,0.7700481906176109,0.015241420618637435,0.9443941159018805,0.008929546479926267,0.7262716225099372,0.017987236876411645,0.8592978656422291,0.004348926896610148
ANOVA,PCA,SVM,15,15,1.0,0.8462813201798117,0.012413553231689385,0.769995765260309,0.054526969340031615,0.8846951619203144,0.009047010643797952,0.7368886101385106,0.051398540968920554,0.8947558252832724,0.06358789610270346
ANOVA,SVD,SVM,15,15,1.0,0.8462813201798117,0.012413553231689385,0.769995765260309,0.054526969340031615,0.8846951619203144,0.009047010643797952,0.7368886101385106,0.051398540968920554,0.8947558252832724,0.06358789610270346
Chi2,PCA,CAT,15,15,1.0,0.9208272085424032,0.009134868310908567,0.7668927836788902,0.03230016103344755,0.9358106843826569,0.007290897718766761,0.7226212602051202,0.035043610762854914,0.8646346688086772,0.03260911344490833
Chi2,SVD,CAT,15,15,1.0,0.9208272085424032,0.009134868310908567,0.7668927836788902,0.03230016103344755,0.9358106843826569,0.007290897718766761,0.7226212602051202,0.035043610762854914,0.8646346688086772,0.03260911344490833
VT,LDA,DT,15,15,1.0,0.9385422448988774,0.007119750780574606,0.7659065472439074,0.018725595445347555,0.946311836447872,0.006083048925748028,0.7194593154017246,0.018508996457709585,0.854351421480969,0.034145756948066784
VT,ICA,ET,15,15,1.0,0.9082538506280211,0.007991017858567206,0.7652381641613142,0.05199505015191496,0.9259540639189956,0.006415947111130518,0.7178819423822934,0.05094649660289714,0.8831849049181226,0.053658988214549994
ANOVA,ICA,GB,15,15,1.0,0.9279368370487298,0.005236715363212324,0.7642620755547542,0.010542778967799215,0.9415322079144032,0.004300308098717904,0.7212254310875186,0.01453676724228497,0.8569279419455422,0.0040095168397187835
ANOVA,PCA,GB,15,15,1.0,0.9294644171129646,0.007122901522197529,0.7637083643067,0.01087975058934546,0.9423873329370666,0.005669414426373836,0.7187722706572672,0.01502212917027497,0.8557805705173869,0.004392448193640432
ANOVA,SVD,GB,15,15,1.0,0.9294644171129646,0.007122901522197529,0.7637083643067,0.01087975058934546,0.9423873329370666,0.005669414426373836,0.7187722706572672,0.01502212917027497,0.8557805705173869,0.004392448193640432
Chi2,ICA,GB,15,15,1.0,0.9182420232558056,0.00742406581140743,0.7636211720263764,0.012467331637363644,0.9338561342496882,0.00590386606796369,0.7206302103743241,0.013246609348229299,0.8723936524657867,0.044873365791316906
VT,LDA,LR,15,15,1.0,0.9295085444130726,0.008959562058207976,0.7620122210717812,0.010315505190725844,0.9397322306759519,0.006659029757198462,0.7161839066267015,0.009813874380738346,0.8549420140241969,0.006409805722258374
Chi2,PCA,XGB,15,15,1.0,0.9227955275748211,0.007265594843439048,0.759545313781338,0.014317051493114076,0.9371962667302177,0.0057788680944603175,0.7156562429460821,0.021489478829770363,0.8555949946906659,0.0034286701192446866
Chi2,SVD,XGB,15,15,1.0,0.9227955275748211,0.007265594843439048,0.759545313781338,0.014317051493114076,0.9371962667302177,0.0057788680944603175,0.7156562429460821,0.021489478829770363,0.8555949946906659,0.0034286701192446866
VT,ICA,CAT,15,15,1.0,0.9096493659751069,0.00789024882792193,0.7549454595592967,0.053843235019983345,0.925021006253756,0.006221881798217834,0.7019609907252825,0.05232796232730606,0.8761670791762515,0.05910452573865824
ANOVA,LDA,DT,15,15,1.0,0.9314473362811301,0.0067334223525215295,0.7547133760187681,0.013385128566511577,0.9416419546449096,0.005571119621376823,0.707892267818377,0.01791170144395012,0.8550267944845014,0.035350212246959486
Chi2,SVD,LR,15,15,1.0,0.8788320396305489,0.015101547143641618,0.754090269729032,0.04471751220752216,0.9058202184536565,0.011344548024753185,0.71166972273643,0.04310912349099051,0.8751398119003022,0.05040506310392255
VT,PCA,RF,15,15,1.0,0.9040967734929892,0.007273150964391445,0.7522416660514405,0.05079108321824948,0.922024606618045,0.0059123753591865304,0.6987938168455727,0.04579410599510083,0.8872532631428673,0.06209468693471834
Chi2,PCA,GB,15,15,1.0,0.911617468157803,0.01072837603173489,0.7511211491769638,0.011001074314884412,0.9295909072327704,0.00834293918628541,0.7074049001576377,0.01425723909898494,0.853150793268,0.004500277992893514
Chi2,SVD,GB,15,15,1.0,0.911617468157803,0.01072837603173489,0.7511211491769638,0.011001074314884412,0.9295909072327704,0.00834293918628541,0.7074049001576377,0.01425723909898494,0.853150793268,0.004500277992893514
Chi2,PCA,LR,15,15,1.0,0.8788760924897077,0.015016936021669465,0.7472351286670259,0.03827116563192133,0.9058374142171655,0.011342605300496264,0.705202414518803,0.03753104305554808,0.8670074997346948,0.043606582161670036
Chi2,LDA,LR,15,15,1.0,0.8934618061128515,0.008379373025493707,0.7443687851757858,0.006731939171690718,0.9148678311066464,0.0071617006813492505,0.7018618474750097,0.008579272411740044,0.8530150304599926,0.002195815062577006
VT,PCA,LGBM,15,15,1.0,0.9163915960311064,0.006073426633445733,0.7438124040019685,0.043536074544601164,0.9307643907921784,0.0051761665573543236,0.685800792368912,0.04341589210295743,0.8724724556170447,0.05143679734562483
VT,SVD,LGBM,15,15,1.0,0.9158627027961608,0.005539146516571185,0.7423894898573236,0.04107025700375841,0.9304254947877132,0.004572588986743801,0.6850978617315414,0.041413666267925024,0.8719489433430189,0.05117061683617672
Chi2,PCA,SVM,15,15,1.0,0.8289182276852816,0.02153869057174992,0.7413344074909162,0.04908530146964396,0.8714164373748264,0.015532904936886725,0.7062247218004791,0.04625754107662791,0.8928561780231271,0.06017056167357511
Chi2,SVD,SVM,15,15,1.0,0.8289182276852816,0.02153869057174992,0.7413344074909162,0.04908530146964396,0.8714164373748264,0.015532904936886725,0.7062247218004791,0.04625754107662791,0.8928561780231271,0.06017056167357511
VT,SVD,ET,15,15,1.0,0.9042878731194801,0.006766577304450047,0.7395388644835105,0.04649786543711129,0.9221444813808073,0.00537292966989017,0.6852986495472967,0.04485193841185731,0.8740937501934488,0.04952734620044093
VT,SVD,RF,15,15,1.0,0.9039940029076635,0.007400053864252622,0.7375626307295688,0.04043729662391315,0.9220573789111798,0.005963129604012601,0.6845455536505386,0.036516955897339345,0.8716509681713134,0.05112082322725607
VT,PCA,CAT,15,15,1.0,0.9031713365577916,0.006870288255411034,0.7373164892157887,0.05067093030892818,0.9200144360998991,0.005759693312893338,0.6817604611901693,0.04832390450533865,0.874777511534077,0.05813871376935619
VT,SVD,XGB,15,15,1.0,0.9100900369754668,0.0071759709887646295,0.7361469614583492,0.04709616872226989,0.9253049835696499,0.005821439938518606,0.6781240820015851,0.04969876125724052,0.8682825853022194,0.050161298027974796
VT,SVD,CAT,15,15,1.0,0.9017613958493604,0.007358224585173706,0.7361168214099431,0.050204437977963035,0.918970181315982,0.00612471575434698,0.6818041382545869,0.0473536387630102,0.873153388847848,0.05647219046455558
VT,PCA,XGB,15,15,1.0,0.9104424566121736,0.00601015356206818,0.7358477228388592,0.04775590834352604,0.9257007968236896,0.0049861621834828606,0.677374085201827,0.0501524979908229,0.8681735243645117,0.04990684325346171
ANOVA,LDA,LR,15,15,1.0,0.8966347868446529,0.011275136420296254,0.735431950484871,0.011874555104478924,0.9166678730754739,0.008384264248872087,0.6898505452609336,0.01286009715764334,0.8533004879757965,0.006538794295705471
Chi2,ICA,LR,15,15,1.0,0.8876307462222918,0.013563030487364654,0.7345875044648686,0.012231723973672417,0.9116913450838505,0.010467911737875589,0.69100551555451,0.015046632176119228,0.8538889546939128,0.0026958259561032966
VT,PCA,ET,15,15,1.0,0.9047432801912341,0.0062683721928467285,0.7318636706556357,0.04143541662013753,0.9225233597224086,0.004888915793199637,0.6780908366112843,0.040663414004643086,0.8650194744801908,0.04188149762451398
VT,PCA,KNN,15,15,1.0,0.8907006068199625,0.0074577014229872405,0.7301833514308552,0.05312813946468166,0.9111131113850442,0.00606538490230216,0.6730151052357106,0.05038066263415866,0.8909443206210935,0.060736004719182286
VT,SVD,KNN,15,15,1.0,0.8906418599647286,0.007419444036515976,0.7301266436057712,0.05317394356326243,0.9110717509668074,0.006030951346736864,0.6729752140590529,0.05040499222713542,0.8908688023636328,0.06081763778204644
ANOVA,PCA,DT,15,15,1.0,0.9155096682124815,0.007953730986369006,0.7267303413859634,0.02014195226475603,0.9292117782841005,0.0066447777818979484,0.6724447085581021,0.026808250163072613,0.8385243830049532,0.010112170928170463
ANOVA,SVD,DT,15,15,1.0,0.9155096682124815,0.007953730986369006,0.7267303413859634,0.02014195226475603,0.9292117782841005,0.0066447777818979484,0.6724447085581021,0.026808250163072613,0.8385243830049532,0.010112170928170463
VT,ICA,KNN,15,15,1.0,0.8842230143386539,0.01023762776592677,0.7258512515583871,0.0551766729799405,0.9050814323595721,0.008305334458807127,0.6693818314751968,0.051877272664885316,0.8862544514623573,0.06356675050776868
VT,LDA,SVM,15,15,1.0,0.84194858506042,0.010477236370737743,0.7256926733993836,0.05400313891066868,0.869157115065628,0.008599961679659063,0.6687207172435681,0.04864554253988833,0.8943975708068006,0.062058852554701255
VT,ICA,XGB,15,15,1.0,0.9127045358132656,0.007790350731952617,0.7247288548304737,0.013831267875480632,0.9276210875971357,0.006356926862220934,0.6682328132750991,0.01918967809866693,0.8482975269551214,0.006173575116240483
Chi2,PCA,DT,15,15,1.0,0.900482946986425,0.009955619131472937,0.7177284401452849,0.02088536987153111,0.9171669741528761,0.007754731515409468,0.662724073298525,0.027254787660970472,0.8342072024411561,0.011791433420567545
Chi2,SVD,DT,15,15,1.0,0.900482946986425,0.009955619131472937,0.7177284401452849,0.02088536987153111,0.9171669741528761,0.007754731515409468,0.662724073298525,0.027254787660970472,0.8342072024411561,0.011791433420567545
VT,ICA,LGBM,15,15,1.0,0.904097799483464,0.04718918402022229,0.7126719076008311,0.07990643099046657,0.9203305386743229,0.04090434580745846,0.6585378919702881,0.08194993989953878,0.8344529794232372,0.061660184516845414
VT,ICA,GB,15,15,1.0,0.9001013723901043,0.007726899607484414,0.7123701271388817,0.016722200028747452,0.9173960184577762,0.006937505826815814,0.6512795636247979,0.018435611168269802,0.8544105104060155,0.03344501423762212
VT,LDA,NB,15,15,1.0,0.8833855568958161,0.006501147956278466,0.709121211813983,0.013122195711665877,0.9072669391041175,0.004501662216577947,0.6644880775243274,0.012737869481494909,0.8708753150148577,0.04877628721254994
VT,SVD,LR,15,15,1.0,0.8472660056375102,0.008254763740500251,0.6959205458521389,0.046203469390053,0.8765569808937298,0.006600997414317229,0.6375657533076181,0.04093593370884913,0.8730666742217454,0.05687778523458353
VT,PCA,LR,15,15,1.0,0.8471778675535627,0.008200264734299639,0.6955930761018297,0.04622488301111748,0.8764991082382336,0.006593578808484704,0.6371160768043107,0.04103083101204917,0.8730062879181298,0.05687582097478016
VT,SVD,GB,15,15,1.0,0.896091445592421,0.008902823314551596,0.6932631458246843,0.011609506196302202,0.9154054171735595,0.007211660053221136,0.6315535146932086,0.017747077051399492,0.847203045215497,0.02952882981732101
VT,PCA,GB,15,15,1.0,0.8961354919784537,0.008403390405873417,0.6927352686736215,0.01416132516606509,0.9153533867363263,0.006625060874764337,0.6320055996572285,0.019388576315638027,0.8388835145529101,0.009397900240378126
Chi2,ICA,DT,15,15,1.0,0.8930508791265733,0.008836837143954442,0.6869951953833004,0.02322599342428463,0.9093940788361475,0.007753661304835227,0.6229873296624893,0.03150423643763277,0.8225571760082157,0.037410539442873
ANOVA,ICA,DT,15,15,1.0,0.9009829538964869,0.010029722064874982,0.6845827054348058,0.02651375469199656,0.9158346153974206,0.00865718532656144,0.6233424061555545,0.03217168981635212,0.8097497582144719,0.01942862730214871
ANOVA,LDA,LGBM,15,15,1.0,0.8549213639795717,0.24107039610282513,0.6781268455116684,0.216706978343781,0.8647009984286037,0.24728612014446522,0.6504514813136489,0.17866087129416558,0.7704879375692435,0.20497236730598076
VT,LDA,LGBM,15,15,1.0,0.8513212443173639,0.1980359201525459,0.6729505858491881,0.1954772564247544,0.8718187968768056,0.17103272918574253,0.6481924611031293,0.15657678100458158,0.7672826884580736,0.16638560987200154
VT,PCA,DT,15,15,1.0,0.8807120878799356,0.009619836946517041,0.6711985242006892,0.03096364699435022,0.8998105208791976,0.00795091738559039,0.6041657055193647,0.027584089182507824,0.8552657221332343,0.06752869749857307
VT,SVD,DT,15,15,1.0,0.8810204805499879,0.009426505478926112,0.6709895810227674,0.030532906189879243,0.8999211690429427,0.0077205264565487035,0.6038689151618819,0.02695192407267949,0.8547987261272549,0.0673800943046831
VT,ICA,SVM,15,15,1.0,0.7748065870400962,0.019151163898354234,0.6626658891298634,0.04871090464211888,0.8288665907809812,0.014282127607709603,0.6372181174079117,0.0425506800051242,0.8671151460531302,0.06267724519943503
VT,ICA,LR,15,15,1.0,0.8097797023676072,0.01624005510369999,0.6615053021204249,0.04324915022935997,0.8465816075228607,0.011898678748125335,0.6072221710217249,0.03755138717443018,0.8649334101226407,0.05567521784573875
Chi2,PCA,LGBM,15,15,1.0,0.7937659362294163,0.27096472990005505,0.6516714799227933,0.23348020351571044,0.818270948587348,0.25205427623195703,0.6278235859901925,0.1896218898340711,0.7617081510901644,0.21211304753212787
Chi2,SVD,LGBM,15,15,1.0,0.7937659362294163,0.27096472990005505,0.6516714799227933,0.23348020351571044,0.818270948587348,0.25205427623195703,0.6278235859901925,0.1896218898340711,0.7617081510901644,0.21211304753212787
Chi2,LDA,NB,15,15,1.0,0.7800640017389405,0.04516989552011124,0.647072551805028,0.023807547206228217,0.8281967501415289,0.03531777544633724,0.6109325389897735,0.01946205126007779,0.8551622083620596,0.049633596996441535
VT,PCA,SVM,15,15,1.0,0.7337507366821986,0.010020767473617732,0.6460167989177616,0.043729625486830466,0.797983158989219,0.007612765978030119,0.6243690287443349,0.04005929125550312,0.8634958734619721,0.05993365740960698
VT,SVD,SVM,15,15,1.0,0.7337801084915341,0.01017089765510437,0.6459963245288819,0.04373877725363123,0.7979907482771699,0.007762271371758806,0.6243085995909444,0.04006665778474449,0.8635001932640204,0.05992748316015772
Chi2,LDA,SVM,15,15,1.0,0.7204422387914828,0.04259152238494892,0.6420815156026155,0.04841928467437598,0.7731269052303287,0.03342597309665357,0.6031505554063342,0.042124363904202704,0.8770609605088453,0.060651712102125034
ANOVA,LDA,NB,15,15,1.0,0.7637018066462368,0.03773614560488208,0.6400705697986647,0.0215913279671578,0.8206364770995466,0.027697228593734514,0.6128265126953973,0.014153843716291284,0.8539994152896457,0.05455737605967683
ANOVA,LDA,SVM,15,15,1.0,0.7127905377656252,0.042525724468929084,0.6388444902165763,0.052169271522405435,0.7681175150347577,0.033808982374737714,0.602623069017378,0.04481229528777908,0.8763264862377925,0.06217564332900469
VT,ICA,DT,15,15,1.0,0.8674627284685786,0.017662178002858665,0.6375191775808134,0.029727438555422064,0.8877953130305136,0.014842099754304505,0.5660312629495216,0.03214331247485679,0.8075747598983476,0.03820142689751146
ANOVA,PCA,NB,15,15,1.0,0.729828701989674,0.00909763904682923,0.5881665357260697,0.01885545986911054,0.7948089521593705,0.007995128703202854,0.5526409878530575,0.02615757243678713,0.8098513526630453,0.010176836816498327
ANOVA,SVD,NB,15,15,1.0,0.729828701989674,0.00909763904682923,0.5881665357260697,0.01885545986911054,0.7948089521593705,0.007995128703202854,0.5526409878530575,0.02615757243678713,0.8098513526630453,0.010176836816498327
Chi2,PCA,NB,15,15,1.0,0.7165359920533315,0.016400903665150256,0.579741581349438,0.016599122898423642,0.7799981991473238,0.015008333178668705,0.5446001963604045,0.023106997577852256,0.8130585811220707,0.030149273256067758
Chi2,SVD,NB,15,15,1.0,0.7165359920533315,0.016400903665150256,0.579741581349438,0.016599122898423642,0.7799981991473238,0.015008333178668705,0.5446001963604045,0.023106997577852256,0.8130585811220707,0.030149273256067758
ANOVA,ICA,NB,15,15,1.0,0.7579432943155953,0.025788253036597812,0.5624040181511962,0.03723372930679105,0.8155328182664712,0.01996718241417735,0.5209595450910594,0.03195661094512641,0.8163212128298271,0.010853897913441152
Chi2,ICA,NB,15,15,1.0,0.7250399545612446,0.022822968024679712,0.5605604933455858,0.02469444330851015,0.7902431313379299,0.0165929607499224,0.5275017127383996,0.022128282043155506,0.7990289802760324,0.008510042084609018
VT,ICA,NB,15,15,1.0,0.6744517043789371,0.01123111592893954,0.50004600068418,0.03041859398345876,0.7423068812402852,0.009675488867288596,0.4556616400723762,0.02732052420647596,0.7922395317657582,0.0320230039939961
VT,PCA,NB,15,15,1.0,0.633234640817403,0.027415765789635182,0.45968447441507704,0.01868841906913554,0.6991481346943427,0.025500297419496235,0.4138191727744394,0.016588852222456537,0.7961343235930552,0.04530077147795346
VT,SVD,NB,15,15,1.0,0.6333521474741232,0.02727604882800249,0.459676980527087,0.018638413948679506,0.6992885086730413,0.02535877851316657,0.41381708464059286,0.016601272741226903,0.7962116672525243,0.04535721564017783
