FS,FE,Classifier,fold,accuracy,macro_f1,weighted_f1
VT,None,DT,1,0.811,0.65,0.8097
VT,None,DT,2,0.8317,0.6747,0.8239
VT,None,DT,3,0.8203,0.661,0.8136
VT,None,DT,4,0.8309,0.6441,0.8074
VT,None,DT,5,0.8235,0.6555,0.8088
VT,None,LR,1,0.8356,0.6578,0.8177
VT,None,LR,2,0.8237,0.656,0.8161
VT,None,LR,3,0.8317,0.6631,0.8247
VT,None,LR,4,0.8283,0.6609,0.8195
VT,None,LR,5,0.8135,0.6507,0.8022
VT,None,KNN,1,0.87,0.6968,0.8702
VT,None,KNN,2,0.8824,0.7014,0.8636
VT,None,KNN,3,0.873,0.706,0.861
VT,None,KNN,4,0.8805,0.7065,0.8646
VT,None,KNN,5,0.8673,0.6776,0.848
VT,None,NB,1,0.7319,0.556,0.7196
VT,None,NB,2,0.7276,0.5501,0.7106
VT,None,NB,3,0.7248,0.5554,0.7132
VT,None,NB,4,0.7417,0.5652,0.7329
VT,None,NB,5,0.7301,0.5661,0.7274
VT,None,SVM,1,0.816,0.645,0.8042
VT,None,SVM,2,0.8139,0.6539,0.8017
VT,None,SVM,3,0.8079,0.6419,0.7932
VT,None,SVM,4,0.8311,0.6588,0.8149
VT,None,SVM,5,0.8123,0.6454,0.8058
VT,None,RF,1,0.8946,0.739,0.8831
VT,None,RF,2,0.8872,0.7283,0.8761
VT,None,RF,3,0.9023,0.7191,0.884
VT,None,RF,4,0.8857,0.7152,0.8668
VT,None,RF,5,0.9056,0.7346,0.8918
VT,None,ET,1,0.906,0.7296,0.893
VT,None,ET,2,0.9087,0.7419,0.8915
VT,None,ET,3,0.9061,0.7296,0.8883
VT,None,ET,4,0.8778,0.6969,0.8638
VT,None,ET,5,0.8845,0.7114,0.874
VT,None,GB,1,0.9262,0.741,0.912
VT,None,GB,2,0.8682,0.7014,0.8579
VT,None,GB,3,0.8669,0.7033,0.8579
VT,None,GB,4,0.8721,0.7067,0.8636
VT,None,GB,5,0.8788,0.6989,0.8742
VT,None,XGB,1,0.8807,0.7077,0.8703
VT,None,XGB,2,0.9082,0.7251,0.8899
VT,None,XGB,3,0.9006,0.729,0.8831
VT,None,XGB,4,0.8676,0.6988,0.8581
VT,None,XGB,5,0.8819,0.7073,0.8708
VT,None,LGBM,1,0.8896,0.7222,0.8733
VT,None,LGBM,2,0.8816,0.716,0.8767
VT,None,LGBM,3,0.8593,0.707,0.8577
VT,None,LGBM,4,0.9361,0.7494,0.9152
VT,None,LGBM,5,0.8845,0.7049,0.869
VT,None,CAT,1,0.8981,0.7272,0.8872
VT,None,CAT,2,0.8729,0.6952,0.8588
VT,None,CAT,3,0.9125,0.7334,0.8918
VT,None,CAT,4,0.8838,0.7146,0.8671
VT,None,CAT,5,0.8795,0.7144,0.8669
VT,None,STACK,1,0.93,0.7541,0.9155
VT,None,STACK,2,0.9789,0.7943,0.9592
VT,None,STACK,3,0.8992,0.7212,0.8834
VT,None,STACK,4,0.9094,0.7406,0.8954
VT,None,STACK,5,0.9154,0.7412,0.8977
VT,PCA,DT,1,0.8376,0.666,0.8278
VT,PCA,DT,2,0.8363,0.6562,0.8211
VT,PCA,DT,3,0.8043,0.6326,0.7905
VT,PCA,DT,4,0.839,0.6575,0.8232
VT,PCA,DT,5,0.798,0.6364,0.7921
VT,PCA,LR,1,0.8575,0.6817,0.8427
VT,PCA,LR,2,0.8367,0.6724,0.8304
VT,PCA,LR,3,0.8335,0.6549,0.814
VT,PCA,LR,4,0.8392,0.6704,0.8239
VT,PCA,LR,5,0.8339,0.6688,0.8225
VT,PCA,KNN,1,0.8452,0.6728,0.8348
VT,PCA,KNN,2,0.8478,0.6788,0.8346
VT,PCA,KNN,3,0.8649,0.6884,0.8502
VT,PCA,KNN,4,0.8658,0.6849,0.843
VT,PCA,KNN,5,0.8637,0.6965,0.8514
VT,PCA,NB,1,0.7196,0.5389,0.7057
VT,PCA,NB,2,0.7474,0.568,0.7334
VT,PCA,NB,3,0.7365,0.5667,0.7279
VT,PCA,NB,4,0.6995,0.5427,0.7
VT,PCA,NB,5,0.7382,0.5769,0.7266
VT,PCA,SVM,1,0.7886,0.6292,0.777
VT,PCA,SVM,2,0.8151,0.6413,0.8004
VT,PCA,SVM,3,0.8144,0.6376,0.7999
VT,PCA,SVM,4,0.814,0.641,0.7993
VT,PCA,SVM,5,0.8068,0.6457,0.8066
VT,PCA,RF,1,0.8893,0.7157,0.878
VT,PCA,RF,2,0.9029,0.719,0.8905
VT,PCA,RF,3,0.8856,0.723,0.8779
VT,PCA,RF,4,0.8751,0.7092,0.8631
VT,PCA,RF,5,0.8676,0.7038,0.8627
VT,PCA,ET,1,0.8628,0.7002,0.8561
VT,PCA,ET,2,0.8787,0.7122,0.8685
VT,PCA,ET,3,0.9164,0.7325,0.9008
VT,PCA,ET,4,0.889,0.7157,0.8847
VT,PCA,ET,5,0.8693,0.6957,0.8573
VT,PCA,GB,1,0.8673,0.7033,0.8635
VT,PCA,GB,2,0.8757,0.6911,0.8585
VT,PCA,GB,3,0.8746,0.6963,0.8679
VT,PCA,GB,4,0.8659,0.6981,0.8599
VT,PCA,GB,5,0.8681,0.6991,0.8581
VT,PCA,XGB,1,0.8955,0.7255,0.889
VT,PCA,XGB,2,0.8796,0.7068,0.8679
VT,PCA,XGB,3,0.8842,0.7055,0.8681
VT,PCA,XGB,4,0.8761,0.7074,0.8722
VT,PCA,XGB,5,0.8665,0.6957,0.8587
VT,PCA,LGBM,1,0.8601,0.693,0.8515
VT,PCA,LGBM,2,0.8703,0.7089,0.8602
VT,PCA,LGBM,3,0.906,0.7429,0.9036
VT,PCA,LGBM,4,0.8944,0.7122,0.8755
VT,PCA,LGBM,5,0.8819,0.7068,0.8629
VT,PCA,CAT,1,0.8885,0.7235,0.8727
VT,PCA,CAT,2,0.889,0.7122,0.8789
VT,PCA,CAT,3,0.9005,0.7244,0.8856
VT,PCA,CAT,4,0.8846,0.7148,0.8723
VT,PCA,CAT,5,0.9052,0.7226,0.8851
VT,PCA,STACK,1,0.9314,0.7451,0.9089
VT,PCA,STACK,2,0.913,0.7408,0.904
VT,PCA,STACK,3,0.9239,0.7405,0.9104
VT,PCA,STACK,4,0.916,0.7574,0.911
VT,PCA,STACK,5,0.9208,0.7437,0.8955
VT,LDA,DT,1,0.8787,0.715,0.8675
VT,LDA,DT,2,0.8673,0.6931,0.8556
VT,LDA,DT,3,0.8909,0.7112,0.88
VT,LDA,DT,4,0.8605,0.6859,0.8493
VT,LDA,DT,5,0.889,0.7137,0.8728
VT,LDA,LR,1,0.8827,0.714,0.8729
VT,LDA,LR,2,0.9099,0.7186,0.8937
VT,LDA,LR,3,0.8852,0.7084,0.8727
VT,LDA,LR,4,0.8762,0.6946,0.8565
VT,LDA,LR,5,0.8739,0.7062,0.8595
VT,LDA,KNN,1,0.9497,0.767,0.9326
VT,LDA,KNN,2,0.9579,0.7726,0.9424
VT,LDA,KNN,3,0.9148,0.7425,0.9033
VT,LDA,KNN,4,0.9296,0.7552,0.9099
VT,LDA,KNN,5,0.9204,0.7468,0.9043
VT,LDA,NB,1,0.7438,0.5801,0.7351
VT,LDA,NB,2,0.791,0.6148,0.7719
VT,LDA,NB,3,0.7712,0.5996,0.7628
VT,LDA,NB,4,0.7919,0.6189,0.7773
VT,LDA,NB,5,0.7634,0.5991,0.7526
VT,LDA,SVM,1,0.8664,0.7082,0.8621
VT,LDA,SVM,2,0.8627,0.6913,0.856
VT,LDA,SVM,3,0.8599,0.6885,0.8496
VT,LDA,SVM,4,0.8777,0.6984,0.8656
VT,LDA,SVM,5,0.8705,0.6942,0.8588
VT,LDA,RF,1,0.9139,0.7536,0.9075
VT,LDA,RF,2,0.9626,0.788,0.9477
VT,LDA,RF,3,0.9431,0.7736,0.928
VT,LDA,RF,4,0.9166,0.7582,0.9057
VT,LDA,RF,5,0.9238,0.7521,0.9101
VT,LDA,ET,1,0.9656,0.7974,0.9544
VT,LDA,ET,2,0.9468,0.7745,0.9356
VT,LDA,ET,3,0.9223,0.757,0.9113
VT,LDA,ET,4,0.9179,0.7561,0.9121
VT,LDA,ET,5,0.956,0.7835,0.9345
VT,LDA,GB,1,0.9078,0.748,0.9017
VT,LDA,GB,2,0.9383,0.7644,0.9305
VT,LDA,GB,3,0.9289,0.759,0.9181
VT,LDA,GB,4,0.9238,0.7568,0.9214
VT,LDA,GB,5,0.9012,0.7283,0.8895
VT,LDA,XGB,1,0.93,0.7732,0.923
VT,LDA,XGB,2,0.9495,0.7835,0.9357
VT,LDA,XGB,3,0.9181,0.7555,0.913
VT,LDA,XGB,4,0.9338,0.7792,0.9278
VT,LDA,XGB,5,0.9346,0.7541,0.9211
VT,LDA,LGBM,1,0.9362,0.7632,0.923
VT,LDA,LGBM,2,0.9434,0.7609,0.9302
VT,LDA,LGBM,3,0.9167,0.7374,0.9043
VT,LDA,LGBM,4,0.9077,0.7417,0.9007
VT,LDA,LGBM,5,0.94,0.78,0.938
VT,LDA,CAT,1,0.9421,0.7686,0.9237
VT,LDA,CAT,2,0.9254,0.7666,0.9159
VT,LDA,CAT,3,0.9162,0.7519,0.9074
VT,LDA,CAT,4,0.9097,0.7409,0.9021
VT,LDA,CAT,5,0.9403,0.7543,0.9188
VT,LDA,STACK,1,0.955,0.7825,0.9533
VT,LDA,STACK,2,0.9649,0.7968,0.9533
VT,LDA,STACK,3,0.945,0.7782,0.9346
VT,LDA,STACK,4,0.9719,0.7858,0.9483
VT,LDA,STACK,5,0.9447,0.7824,0.9415
VT,ICA,DT,1,0.8135,0.6398,0.8081
VT,ICA,DT,2,0.8377,0.6611,0.8212
VT,ICA,DT,3,0.8561,0.6738,0.845
VT,ICA,DT,4,0.8215,0.6481,0.8089
VT,ICA,DT,5,0.8272,0.6602,0.8182
VT,ICA,LR,1,0.8622,0.7008,0.8571
VT,ICA,LR,2,0.8466,0.6834,0.8324
VT,ICA,LR,3,0.849,0.6849,0.8398
VT,ICA,LR,4,0.8565,0.6728,0.8425
VT,ICA,LR,5,0.8297,0.6656,0.8181
VT,ICA,KNN,1,0.8837,0.7148,0.8702
VT,ICA,KNN,2,0.8933,0.7126,0.8791
VT,ICA,KNN,3,0.8823,0.7139,0.8747
VT,ICA,KNN,4,0.8978,0.7256,0.8879
VT,ICA,KNN,5,0.8976,0.7164,0.8732
VT,ICA,NB,1,0.7465,0.5696,0.7327
VT,ICA,NB,2,0.7358,0.5654,0.7255
VT,ICA,NB,3,0.7554,0.578,0.7395
VT,ICA,NB,4,0.7513,0.5844,0.742
VT,ICA,NB,5,0.726,0.5679,0.7227
VT,ICA,SVM,1,0.8427,0.6722,0.8318
VT,ICA,SVM,2,0.7955,0.6451,0.7961
VT,ICA,SVM,3,0.8428,0.6638,0.8278
VT,ICA,SVM,4,0.8295,0.6641,0.8176
VT,ICA,SVM,5,0.8451,0.665,0.8293
VT,ICA,RF,1,0.9071,0.7318,0.8916
VT,ICA,RF,2,0.9006,0.7405,0.8995
VT,ICA,RF,3,0.9048,0.727,0.8921
VT,ICA,RF,4,0.9168,0.7464,0.9044
VT,ICA,RF,5,0.9226,0.7445,0.9086
VT,ICA,ET,1,0.94,0.7531,0.9211
VT,ICA,ET,2,0.8876,0.7202,0.8773
VT,ICA,ET,3,0.9043,0.7356,0.8858
VT,ICA,ET,4,0.8886,0.728,0.8886
VT,ICA,ET,5,0.8997,0.7339,0.8924
VT,ICA,GB,1,0.9157,0.7338,0.9081
VT,ICA,GB,2,0.8999,0.7146,0.8851
VT,ICA,GB,3,0.8892,0.7212,0.8735
VT,ICA,GB,4,0.9045,0.7276,0.8969
VT,ICA,GB,5,0.892,0.7229,0.8811
VT,ICA,XGB,1,0.9215,0.7477,0.9127
VT,ICA,XGB,2,0.909,0.7339,0.8925
VT,ICA,XGB,3,0.8965,0.7329,0.8862
VT,ICA,XGB,4,0.9183,0.7344,0.8999
VT,ICA,XGB,5,0.9221,0.7505,0.9127
VT,ICA,LGBM,1,0.8997,0.732,0.8908
VT,ICA,LGBM,2,0.9072,0.7285,0.8909
VT,ICA,LGBM,3,0.8786,0.7141,0.8641
VT,ICA,LGBM,4,0.8857,0.7133,0.8793
VT,ICA,LGBM,5,0.8892,0.7179,0.867
VT,ICA,CAT,1,0.8981,0.7294,0.8888
VT,ICA,CAT,2,0.9093,0.7319,0.8968
VT,ICA,CAT,3,0.9068,0.7347,0.9017
VT,ICA,CAT,4,0.9228,0.7484,0.9178
VT,ICA,CAT,5,0.8916,0.738,0.8902
VT,ICA,STACK,1,0.9283,0.7496,0.9126
VT,ICA,STACK,2,0.9198,0.7554,0.9101
VT,ICA,STACK,3,0.9071,0.7512,0.9073
VT,ICA,STACK,4,0.9389,0.7569,0.9161
VT,ICA,STACK,5,0.9392,0.7679,0.9269
VT,SVD,DT,1,0.8108,0.6537,0.8094
VT,SVD,DT,2,0.812,0.641,0.7995
VT,SVD,DT,3,0.806,0.6411,0.7955
VT,SVD,DT,4,0.8243,0.6504,0.8136
VT,SVD,DT,5,0.8248,0.655,0.8088
VT,SVD,LR,1,0.8213,0.659,0.8107
VT,SVD,LR,2,0.83,0.661,0.8145
VT,SVD,LR,3,0.8252,0.6557,0.8183
VT,SVD,LR,4,0.8374,0.6635,0.8277
VT,SVD,LR,5,0.8274,0.6574,0.8139
VT,SVD,KNN,1,0.8696,0.6951,0.858
VT,SVD,KNN,2,0.8411,0.6795,0.8315
VT,SVD,KNN,3,0.89,0.7003,0.8737
VT,SVD,KNN,4,0.8496,0.6874,0.8351
VT,SVD,KNN,5,0.864,0.695,0.8476
VT,SVD,NB,1,0.7145,0.5549,0.7123
VT,SVD,NB,2,0.7374,0.5664,0.7267
VT,SVD,NB,3,0.7191,0.5433,0.7009
VT,SVD,NB,4,0.7503,0.5611,0.733
VT,SVD,NB,5,0.737,0.559,0.7243
VT,SVD,SVM,1,0.7974,0.6274,0.7837
VT,SVD,SVM,2,0.7962,0.6336,0.7905
VT,SVD,SVM,3,0.8239,0.6651,0.8171
VT,SVD,SVM,4,0.8176,0.6342,0.8
VT,SVD,SVM,5,0.8091,0.6382,0.8016
VT,SVD,RF,1,0.9072,0.7149,0.8905
VT,SVD,RF,2,0.8768,0.7144,0.8664
VT,SVD,RF,3,0.8609,0.6991,0.8459
VT,SVD,RF,4,0.9,0.7219,0.8831
VT,SVD,RF,5,0.8698,0.6949,0.8632
VT,SVD,ET,1,0.9046,0.7245,0.8872
VT,SVD,ET,2,0.9161,0.744,0.906
VT,SVD,ET,3,0.8759,0.7066,0.8682
VT,SVD,ET,4,0.8778,0.7037,0.8625
VT,SVD,ET,5,0.8827,0.7163,0.87
VT,SVD,GB,1,0.8603,0.6901,0.841
VT,SVD,GB,2,0.8844,0.7079,0.8798
VT,SVD,GB,3,0.9018,0.7174,0.8764
VT,SVD,GB,4,0.8739,0.7024,0.8597
VT,SVD,GB,5,0.8811,0.7073,0.8645
VT,SVD,XGB,1,0.9026,0.7233,0.8886
VT,SVD,XGB,2,0.8772,0.7065,0.8623
VT,SVD,XGB,3,0.8861,0.7037,0.8739
VT,SVD,XGB,4,0.8836,0.7055,0.8717
VT,SVD,XGB,5,0.9115,0.7294,0.8906
VT,SVD,LGBM,1,0.8517,0.7004,0.8473
VT,SVD,LGBM,2,0.87,0.6854,0.8489
VT,SVD,LGBM,3,0.8701,0.7027,0.8547
VT,SVD,LGBM,4,0.8822,0.7104,0.8682
VT,SVD,LGBM,5,0.8736,0.7051,0.8582
VT,SVD,CAT,1,0.8741,0.7089,0.8632
VT,SVD,CAT,2,0.9246,0.7338,0.9056
VT,SVD,CAT,3,0.8766,0.7091,0.8629
VT,SVD,CAT,4,0.8802,0.7131,0.8739
VT,SVD,CAT,5,0.8738,0.7044,0.8579
VT,SVD,STACK,1,0.9236,0.7527,0.9087
VT,SVD,STACK,2,0.9153,0.7477,0.9033
VT,SVD,STACK,3,0.9219,0.7498,0.9037
VT,SVD,STACK,4,0.9087,0.7375,0.8979
VT,SVD,STACK,5,0.8962,0.7222,0.8843
ANOVA,None,DT,1,0.8328,0.6601,0.8188
ANOVA,None,DT,2,0.8325,0.6632,0.82
ANOVA,None,DT,3,0.8423,0.674,0.8343
ANOVA,None,DT,4,0.8481,0.675,0.8332
ANOVA,None,DT,5,0.8232,0.6632,0.8176
ANOVA,None,LR,1,0.8235,0.6642,0.8228
ANOVA,None,LR,2,0.857,0.6796,0.8462
ANOVA,None,LR,3,0.8248,0.6617,0.8117
ANOVA,None,LR,4,0.8558,0.6799,0.8403
ANOVA,None,LR,5,0.8388,0.6669,0.8254
ANOVA,None,KNN,1,0.8847,0.7073,0.8702
ANOVA,None,KNN,2,0.8693,0.7067,0.861
ANOVA,None,KNN,3,0.8882,0.7231,0.8759
ANOVA,None,KNN,4,0.8807,0.698,0.8719
ANOVA,None,KNN,5,0.8998,0.7176,0.8718
ANOVA,None,NB,1,0.7218,0.554,0.7161
ANOVA,None,NB,2,0.7421,0.5798,0.7323
ANOVA,None,NB,3,0.7205,0.5509,0.7085
ANOVA,None,NB,4,0.7518,0.5909,0.7371
ANOVA,None,NB,5,0.7378,0.5705,0.7268
ANOVA,None,SVM,1,0.8362,0.6647,0.8245
ANOVA,None,SVM,2,0.8226,0.6506,0.8082
ANOVA,None,SVM,3,0.8182,0.6489,0.8058
ANOVA,None,SVM,4,0.8372,0.6639,0.8262
ANOVA,None,SVM,5,0.8172,0.6356,0.8002
ANOVA,None,RF,1,0.9226,0.7443,0.9064
ANOVA,None,RF,2,0.8909,0.7264,0.8797
ANOVA,None,RF,3,0.9089,0.727,0.893
ANOVA,None,RF,4,0.8929,0.7237,0.8812
ANOVA,None,RF,5,0.9087,0.7308,0.8992
ANOVA,None,ET,1,0.9104,0.7503,0.9019
ANOVA,None,ET,2,0.9294,0.7548,0.917
ANOVA,None,ET,3,0.9126,0.7418,0.9004
ANOVA,None,ET,4,0.9122,0.7374,0.8985
ANOVA,None,ET,5,0.8982,0.7278,0.8899
ANOVA,None,GB,1,0.8987,0.7267,0.8856
ANOVA,None,GB,2,0.8877,0.7231,0.8785
ANOVA,None,GB,3,0.8971,0.718,0.8806
ANOVA,None,GB,4,0.888,0.7191,0.8749
ANOVA,None,GB,5,0.9018,0.7195,0.8839
ANOVA,None,XGB,1,0.9126,0.753,0.903
ANOVA,None,XGB,2,0.9086,0.7288,0.8934
ANOVA,None,XGB,3,0.904,0.7304,0.8949
ANOVA,None,XGB,4,0.8936,0.7254,0.8871
ANOVA,None,XGB,5,0.9099,0.7485,0.9036
ANOVA,None,LGBM,1,0.8818,0.7236,0.872
ANOVA,None,LGBM,2,0.9123,0.7178,0.8853
ANOVA,None,LGBM,3,0.8872,0.7218,0.874
ANOVA,None,LGBM,4,0.8958,0.7277,0.8821
ANOVA,None,LGBM,5,0.9095,0.7386,0.9015
ANOVA,None,CAT,1,0.8831,0.7232,0.8733
ANOVA,None,CAT,2,0.8953,0.7229,0.8911
ANOVA,None,CAT,3,0.8869,0.711,0.8721
ANOVA,None,CAT,4,0.8996,0.7233,0.8843
ANOVA,None,CAT,5,0.9153,0.7386,0.9007
ANOVA,None,STACK,1,0.9137,0.7364,0.9011
ANOVA,None,STACK,2,0.913,0.745,0.9025
ANOVA,None,STACK,3,0.9172,0.7483,0.9072
ANOVA,None,STACK,4,0.924,0.7375,0.9102
ANOVA,None,STACK,5,0.9593,0.7812,0.9394
ANOVA,PCA,DT,1,0.844,0.6582,0.8275
ANOVA,PCA,DT,2,0.8407,0.6689,0.8277
ANOVA,PCA,DT,3,0.8322,0.6757,0.8237
ANOVA,PCA,DT,4,0.8144,0.6449,0.7994
ANOVA,PCA,DT,5,0.8461,0.6698,0.8286
ANOVA,PCA,LR,1,0.83,0.6611,0.8175
ANOVA,PCA,LR,2,0.8405,0.6747,0.8339
ANOVA,PCA,LR,3,0.8569,0.6767,0.8468
ANOVA,PCA,LR,4,0.8355,0.6702,0.8236
ANOVA,PCA,LR,5,0.8397,0.659,0.82
ANOVA,PCA,KNN,1,0.8829,0.7112,0.8669
ANOVA,PCA,KNN,2,0.865,0.6843,0.8515
ANOVA,PCA,KNN,3,0.8577,0.6922,0.8503
ANOVA,PCA,KNN,4,0.8991,0.7288,0.8922
ANOVA,PCA,KNN,5,0.8669,0.6969,0.8578
ANOVA,PCA,NB,1,0.7346,0.5677,0.7299
ANOVA,PCA,NB,2,0.7557,0.5722,0.7421
ANOVA,PCA,NB,3,0.7386,0.5723,0.7292
ANOVA,PCA,NB,4,0.7271,0.5685,0.7232
ANOVA,PCA,NB,5,0.7438,0.5747,0.7308
ANOVA,PCA,SVM,1,0.8335,0.6562,0.8186
ANOVA,PCA,SVM,2,0.8353,0.6611,0.8193
ANOVA,PCA,SVM,3,0.8214,0.6506,0.8126
ANOVA,PCA,SVM,4,0.8295,0.6558,0.8107
ANOVA,PCA,SVM,5,0.8173,0.6587,0.8143
ANOVA,PCA,RF,1,0.8926,0.7162,0.8839
ANOVA,PCA,RF,2,0.9054,0.7365,0.8951
ANOVA,PCA,RF,3,0.8908,0.7122,0.8738
ANOVA,PCA,RF,4,0.9037,0.734,0.897
ANOVA,PCA,RF,5,0.8865,0.7258,0.8789
ANOVA,PCA,ET,1,0.9017,0.734,0.8875
ANOVA,PCA,ET,2,0.9051,0.7258,0.8941
ANOVA,PCA,ET,3,0.9155,0.7352,0.9009
ANOVA,PCA,ET,4,0.9022,0.7369,0.8861
ANOVA,PCA,ET,5,0.8648,0.7099,0.8654
ANOVA,PCA,GB,1,0.8759,0.71,0.8655
ANOVA,PCA,GB,2,0.8686,0.7022,0.8607
ANOVA,PCA,GB,3,0.8767,0.7116,0.876
ANOVA,PCA,GB,4,0.8757,0.7133,0.8718
ANOVA,PCA,GB,5,0.8899,0.7087,0.8766
ANOVA,PCA,XGB,1,0.8943,0.7171,0.8809
ANOVA,PCA,XGB,2,0.8771,0.7085,0.8658
ANOVA,PCA,XGB,3,0.8972,0.7241,0.8856
ANOVA,PCA,XGB,4,0.8905,0.7245,0.8808
ANOVA,PCA,XGB,5,0.8913,0.7178,0.8803
ANOVA,PCA,LGBM,1,0.8947,0.707,0.871
ANOVA,PCA,LGBM,2,0.8885,0.7123,0.8795
ANOVA,PCA,LGBM,3,0.8993,0.7168,0.8819
ANOVA,PCA,LGBM,4,0.9091,0.74,0.8969
ANOVA,PCA,LGBM,5,0.9063,0.731,0.8986
ANOVA,PCA,CAT,1,0.9089,0.7248,0.8908
ANOVA,PCA,CAT,2,0.8767,0.7136,0.8758
ANOVA,PCA,CAT,3,0.9142,0.7372,0.9077
ANOVA,PCA,CAT,4,0.8836,0.7224,0.8739
ANOVA,PCA,CAT,5,0.9091,0.7315,0.895
ANOVA,PCA,STACK,1,0.9096,0.7333,0.8883
ANOVA,PCA,STACK,2,0.9235,0.7528,0.9102
ANOVA,PCA,STACK,3,0.9122,0.7431,0.904
ANOVA,PCA,STACK,4,0.9133,0.7419,0.8926
ANOVA,PCA,STACK,5,0.9387,0.7586,0.9224
ANOVA,LDA,DT,1,0.8766,0.7085,0.862
ANOVA,LDA,DT,2,0.8916,0.7183,0.8815
ANOVA,LDA,DT,3,0.8707,0.6919,0.8567
ANOVA,LDA,DT,4,0.8793,0.7093,0.8679
ANOVA,LDA,DT,5,0.866,0.7033,0.8545
ANOVA,LDA,LR,1,0.8873,0.7149,0.8768
ANOVA,LDA,LR,2,0.8905,0.7234,0.8762
ANOVA,LDA,LR,3,0.9194,0.7448,0.9042
ANOVA,LDA,LR,4,0.9059,0.7305,0.8927
ANOVA,LDA,LR,5,0.8762,0.7014,0.8565
ANOVA,LDA,KNN,1,0.9405,0.7575,0.9188
ANOVA,LDA,KNN,2,0.9161,0.7345,0.9009
ANOVA,LDA,KNN,3,0.9021,0.7317,0.888
ANOVA,LDA,KNN,4,0.9171,0.7466,0.9021
ANOVA,LDA,KNN,5,0.9252,0.7528,0.914
ANOVA,LDA,NB,1,0.8016,0.6167,0.7785
ANOVA,LDA,NB,2,0.7897,0.6199,0.7757
ANOVA,LDA,NB,3,0.8029,0.6182,0.798
ANOVA,LDA,NB,4,0.8046,0.6234,0.7849
ANOVA,LDA,NB,5,0.7692,0.6028,0.7555
ANOVA,LDA,SVM,1,0.8929,0.7151,0.8778
ANOVA,LDA,SVM,2,0.8832,0.7045,0.8705
ANOVA,LDA,SVM,3,0.8755,0.699,0.8678
ANOVA,LDA,SVM,4,0.8548,0.6858,0.8435
ANOVA,LDA,SVM,5,0.8764,0.7043,0.8625
ANOVA,LDA,RF,1,0.9448,0.771,0.9258
ANOVA,LDA,RF,2,0.9524,0.7729,0.9395
ANOVA,LDA,RF,3,0.9529,0.7809,0.9501
ANOVA,LDA,RF,4,0.9653,0.7885,0.9489
ANOVA,LDA,RF,5,0.9409,0.7696,0.9297
ANOVA,LDA,ET,1,0.9475,0.7668,0.9264
ANOVA,LDA,ET,2,0.9746,0.7953,0.9637
ANOVA,LDA,ET,3,0.937,0.7779,0.9353
ANOVA,LDA,ET,4,0.9491,0.7771,0.9327
ANOVA,LDA,ET,5,0.9614,0.7912,0.9538
ANOVA,LDA,GB,1,0.9396,0.7579,0.926
ANOVA,LDA,GB,2,0.9513,0.7771,0.9345
ANOVA,LDA,GB,3,0.9316,0.7612,0.9183
ANOVA,LDA,GB,4,0.9283,0.7564,0.9095
ANOVA,LDA,GB,5,0.9425,0.7734,0.9306
ANOVA,LDA,XGB,1,0.9455,0.7886,0.9456
ANOVA,LDA,XGB,2,0.9631,0.8022,0.9534
ANOVA,LDA,XGB,3,0.9091,0.7487,0.8955
ANOVA,LDA,XGB,4,0.9343,0.7593,0.9231
ANOVA,LDA,XGB,5,0.952,0.773,0.9367
ANOVA,LDA,LGBM,1,0.9413,0.7813,0.933
ANOVA,LDA,LGBM,2,0.947,0.7731,0.9377
ANOVA,LDA,LGBM,3,0.9072,0.7502,0.9102
ANOVA,LDA,LGBM,4,0.9171,0.7449,0.9116
ANOVA,LDA,LGBM,5,0.9635,0.7895,0.9502
ANOVA,LDA,CAT,1,0.9831,0.8073,0.9727
ANOVA,LDA,CAT,2,0.9261,0.7683,0.9244
ANOVA,LDA,CAT,3,0.9481,0.7794,0.9395
ANOVA,LDA,CAT,4,0.9449,0.7854,0.9418
ANOVA,LDA,CAT,5,0.9346,0.7616,0.9212
ANOVA,LDA,STACK,1,0.994,0.8221,0.9796
ANOVA,LDA,STACK,2,0.9885,0.8118,0.9752
ANOVA,LDA,STACK,3,0.9661,0.786,0.9434
ANOVA,LDA,STACK,4,0.9673,0.8017,0.9613
ANOVA,LDA,STACK,5,0.9816,0.8026,0.9727
ANOVA,ICA,DT,1,0.8372,0.6685,0.8279
ANOVA,ICA,DT,2,0.8599,0.6716,0.8443
ANOVA,ICA,DT,3,0.8378,0.6623,0.8215
ANOVA,ICA,DT,4,0.8461,0.6757,0.8401
ANOVA,ICA,DT,5,0.8593,0.6855,0.8448
ANOVA,ICA,LR,1,0.8578,0.6885,0.8441
ANOVA,ICA,LR,2,0.863,0.6947,0.8582
ANOVA,ICA,LR,3,0.8517,0.6832,0.8414
ANOVA,ICA,LR,4,0.8633,0.6848,0.8449
ANOVA,ICA,LR,5,0.8907,0.7098,0.8763
ANOVA,ICA,KNN,1,0.8551,0.6851,0.8407
ANOVA,ICA,KNN,2,0.8878,0.7132,0.8795
ANOVA,ICA,KNN,3,0.896,0.7261,0.883
ANOVA,ICA,KNN,4,0.872,0.7069,0.8647
ANOVA,ICA,KNN,5,0.8774,0.711,0.8608
ANOVA,ICA,NB,1,0.7456,0.5708,0.7347
ANOVA,ICA,NB,2,0.7602,0.5895,0.7489
ANOVA,ICA,NB,3,0.7608,0.5688,0.7441
ANOVA,ICA,NB,4,0.7499,0.5957,0.7418
ANOVA,ICA,NB,5,0.7435,0.575,0.7354
ANOVA,ICA,SVM,1,0.8565,0.6812,0.8411
ANOVA,ICA,SVM,2,0.8498,0.6871,0.8414
ANOVA,ICA,SVM,3,0.8377,0.6626,0.8268
ANOVA,ICA,SVM,4,0.8332,0.6683,0.82
ANOVA,ICA,SVM,5,0.8428,0.6733,0.8332
ANOVA,ICA,RF,1,0.9044,0.7263,0.893
ANOVA,ICA,RF,2,0.9195,0.7466,0.9014
ANOVA,ICA,RF,3,0.8971,0.7337,0.8901
ANOVA,ICA,RF,4,0.9033,0.7303,0.8942
ANOVA,ICA,RF,5,0.8994,0.7312,0.8895
ANOVA,ICA,ET,1,0.9173,0.749,0.9048
ANOVA,ICA,ET,2,0.8975,0.7288,0.8826
ANOVA,ICA,ET,3,0.9205,0.7586,0.9072
ANOVA,ICA,ET,4,0.9204,0.7481,0.9143
ANOVA,ICA,ET,5,0.9222,0.7532,0.9175
ANOVA,ICA,GB,1,0.901,0.7257,0.8907
ANOVA,ICA,GB,2,0.9093,0.7443,0.9047
ANOVA,ICA,GB,3,0.9054,0.735,0.8967
ANOVA,ICA,GB,4,0.9087,0.746,0.8975
ANOVA,ICA,GB,5,0.8887,0.7299,0.8845
ANOVA,ICA,XGB,1,0.8822,0.7196,0.8716
ANOVA,ICA,XGB,2,0.9057,0.7369,0.8954
ANOVA,ICA,XGB,3,0.9147,0.7383,0.899
ANOVA,ICA,XGB,4,0.8902,0.726,0.8869
ANOVA,ICA,XGB,5,0.9335,0.77,0.9239
ANOVA,ICA,LGBM,1,0.9223,0.7442,0.9061
ANOVA,ICA,LGBM,2,0.9298,0.7508,0.9084
ANOVA,ICA,LGBM,3,0.8999,0.7262,0.884
ANOVA,ICA,LGBM,4,0.8723,0.706,0.8618
ANOVA,ICA,LGBM,5,0.915,0.7439,0.8992
ANOVA,ICA,CAT,1,0.9125,0.7316,0.897
ANOVA,ICA,CAT,2,0.9067,0.7381,0.896
ANOVA,ICA,CAT,3,0.9142,0.7396,0.8958
ANOVA,ICA,CAT,4,0.9155,0.7492,0.9115
ANOVA,ICA,CAT,5,0.9222,0.7438,0.91
ANOVA,ICA,STACK,1,0.9377,0.763,0.922
ANOVA,ICA,STACK,2,0.922,0.7672,0.9142
ANOVA,ICA,STACK,3,0.9329,0.771,0.9213
ANOVA,ICA,STACK,4,0.9666,0.7748,0.9477
ANOVA,ICA,STACK,5,0.936,0.7738,0.9229
ANOVA,SVD,DT,1,0.8125,0.6419,0.7952
ANOVA,SVD,DT,2,0.8262,0.6499,0.8135
ANOVA,SVD,DT,3,0.8399,0.6704,0.8289
ANOVA,SVD,DT,4,0.8551,0.6777,0.8415
ANOVA,SVD,DT,5,0.834,0.6596,0.8228
ANOVA,SVD,LR,1,0.8395,0.6769,0.8361
ANOVA,SVD,LR,2,0.8274,0.6497,0.8056
ANOVA,SVD,LR,3,0.8517,0.6863,0.8438
ANOVA,SVD,LR,4,0.8404,0.6638,0.8224
ANOVA,SVD,LR,5,0.8233,0.6629,0.8139
ANOVA,SVD,KNN,1,0.8704,0.6903,0.8592
ANOVA,SVD,KNN,2,0.8678,0.7059,0.8656
ANOVA,SVD,KNN,3,0.8804,0.7077,0.8705
ANOVA,SVD,KNN,4,0.8783,0.7091,0.8669
ANOVA,SVD,KNN,5,0.8863,0.7144,0.8719
ANOVA,SVD,NB,1,0.7352,0.5659,0.7258
ANOVA,SVD,NB,2,0.7342,0.5563,0.7163
ANOVA,SVD,NB,3,0.7488,0.5695,0.7367
ANOVA,SVD,NB,4,0.7249,0.5461,0.7132
ANOVA,SVD,NB,5,0.759,0.5783,0.7428
ANOVA,SVD,SVM,1,0.8189,0.6605,0.8028
ANOVA,SVD,SVM,2,0.8396,0.6585,0.8231
ANOVA,SVD,SVM,3,0.8277,0.659,0.823
ANOVA,SVD,SVM,4,0.8359,0.6563,0.8206
ANOVA,SVD,SVM,5,0.8025,0.6445,0.7935
ANOVA,SVD,RF,1,0.9074,0.7256,0.8872
ANOVA,SVD,RF,2,0.9106,0.7399,0.8954
ANOVA,SVD,RF,3,0.8935,0.7201,0.8848
ANOVA,SVD,RF,4,0.9074,0.7405,0.8972
ANOVA,SVD,RF,5,0.8912,0.714,0.8789
ANOVA,SVD,ET,1,0.9074,0.7351,0.8996
ANOVA,SVD,ET,2,0.9277,0.7499,0.9145
ANOVA,SVD,ET,3,0.8979,0.73,0.8885
ANOVA,SVD,ET,4,0.9142,0.7411,0.9022
ANOVA,SVD,ET,5,0.9066,0.7234,0.8844
ANOVA,SVD,GB,1,0.8692,0.7206,0.8687
ANOVA,SVD,GB,2,0.8888,0.7236,0.8753
ANOVA,SVD,GB,3,0.9086,0.7225,0.8867
ANOVA,SVD,GB,4,0.8807,0.7103,0.8716
ANOVA,SVD,GB,5,0.8742,0.6995,0.8549
ANOVA,SVD,XGB,1,0.9139,0.7426,0.8978
ANOVA,SVD,XGB,2,0.8961,0.723,0.8885
ANOVA,SVD,XGB,3,0.8975,0.7289,0.8898
ANOVA,SVD,XGB,4,0.8877,0.7184,0.8756
ANOVA,SVD,XGB,5,0.935,0.7452,0.9149
ANOVA,SVD,LGBM,1,0.8956,0.7225,0.8885
ANOVA,SVD,LGBM,2,0.8968,0.716,0.8829
ANOVA,SVD,LGBM,3,0.8838,0.7075,0.8706
ANOVA,SVD,LGBM,4,0.8901,0.7176,0.8746
ANOVA,SVD,LGBM,5,0.8813,0.7135,0.8691
ANOVA,SVD,CAT,1,0.9186,0.7323,0.9007
ANOVA,SVD,CAT,2,0.886,0.7043,0.8709
ANOVA,SVD,CAT,3,0.9205,0.7312,0.8998
ANOVA,SVD,CAT,4,0.9028,0.7336,0.8932
ANOVA,SVD,CAT,5,0.9001,0.7284,0.8912
ANOVA,SVD,STACK,1,0.9582,0.7717,0.9414
ANOVA,SVD,STACK,2,0.9505,0.7739,0.9398
ANOVA,SVD,STACK,3,0.9459,0.7619,0.9346
ANOVA,SVD,STACK,4,0.9061,0.7358,0.9022
ANOVA,SVD,STACK,5,0.9119,0.7389,0.9015
Chi2,None,DT,1,0.8728,0.6967,0.8572
Chi2,None,DT,2,0.8651,0.6893,0.8501
Chi2,None,DT,3,0.8397,0.6542,0.8269
Chi2,None,DT,4,0.8428,0.6727,0.8294
Chi2,None,DT,5,0.8391,0.6685,0.8301
Chi2,None,LR,1,0.8319,0.6683,0.8239
Chi2,None,LR,2,0.8602,0.6898,0.8507
Chi2,None,LR,3,0.8572,0.6891,0.8453
Chi2,None,LR,4,0.8518,0.6817,0.8442
Chi2,None,LR,5,0.8496,0.6832,0.8431
Chi2,None,KNN,1,0.897,0.7206,0.8804
Chi2,None,KNN,2,0.862,0.7068,0.8581
Chi2,None,KNN,3,0.8864,0.7226,0.8794
Chi2,None,KNN,4,0.9094,0.7228,0.888
Chi2,None,KNN,5,0.9102,0.7348,0.891
Chi2,None,NB,1,0.7494,0.5711,0.7336
Chi2,None,NB,2,0.7357,0.5624,0.7232
Chi2,None,NB,3,0.7783,0.6061,0.7625
Chi2,None,NB,4,0.7458,0.5779,0.7384
Chi2,None,NB,5,0.7772,0.5918,0.7592
Chi2,None,SVM,1,0.8101,0.6496,0.7985
Chi2,None,SVM,2,0.8591,0.6835,0.8483
Chi2,None,SVM,3,0.8509,0.6617,0.8318
Chi2,None,SVM,4,0.8324,0.6612,0.8209
Chi2,None,SVM,5,0.8768,0.6949,0.8591
Chi2,None,RF,1,0.9026,0.7295,0.8912
Chi2,None,RF,2,0.9159,0.7418,0.9043
Chi2,None,RF,3,0.9016,0.7273,0.8943
Chi2,None,RF,4,0.8933,0.7305,0.8795
Chi2,None,RF,5,0.9052,0.7415,0.8976
Chi2,None,ET,1,0.9121,0.747,0.9052
Chi2,None,ET,2,0.9297,0.7504,0.9159
Chi2,None,ET,3,0.9364,0.7552,0.9166
Chi2,None,ET,4,0.9314,0.7559,0.9139
Chi2,None,ET,5,0.9151,0.7494,0.9064
Chi2,None,GB,1,0.8832,0.7266,0.8749
Chi2,None,GB,2,0.8827,0.7242,0.875
Chi2,None,GB,3,0.8804,0.7182,0.8691
Chi2,None,GB,4,0.9123,0.7325,0.8946
Chi2,None,GB,5,0.8971,0.7279,0.8851
Chi2,None,XGB,1,0.9337,0.755,0.9245
Chi2,None,XGB,2,0.9188,0.7448,0.9039
Chi2,None,XGB,3,0.871,0.7108,0.8683
Chi2,None,XGB,4,0.872,0.7024,0.8646
Chi2,None,XGB,5,0.9385,0.7554,0.9202
Chi2,None,LGBM,1,0.911,0.7399,0.8971
Chi2,None,LGBM,2,0.8792,0.7119,0.8647
Chi2,None,LGBM,3,0.9191,0.7515,0.9128
Chi2,None,LGBM,4,0.9099,0.7291,0.8928
Chi2,None,LGBM,5,0.9197,0.7319,0.9023
Chi2,None,CAT,1,0.9269,0.7449,0.9029
Chi2,None,CAT,2,0.9005,0.7349,0.8931
Chi2,None,CAT,3,0.9074,0.7431,0.8927
Chi2,None,CAT,4,0.8891,0.7205,0.8844
Chi2,None,CAT,5,0.8924,0.7244,0.8796
Chi2,None,STACK,1,0.9264,0.7618,0.9155
Chi2,None,STACK,2,0.9385,0.7714,0.9203
Chi2,None,STACK,3,0.9207,0.7643,0.9081
Chi2,None,STACK,4,0.9294,0.7622,0.9192
Chi2,None,STACK,5,0.9368,0.7595,0.9239
Chi2,PCA,DT,1,0.8542,0.6772,0.8358
Chi2,PCA,DT,2,0.8427,0.668,0.8315
Chi2,PCA,DT,3,0.8498,0.6682,0.8336
Chi2,PCA,DT,4,0.8418,0.6708,0.8316
Chi2,PCA,DT,5,0.8564,0.6779,0.8401
Chi2,PCA,LR,1,0.8591,0.6827,0.8428
Chi2,PCA,LR,2,0.8603,0.6785,0.8431
Chi2,PCA,LR,3,0.8726,0.6978,0.859
Chi2,PCA,LR,4,0.8674,0.6913,0.8523
Chi2,PCA,LR,5,0.8514,0.6825,0.8426
Chi2,PCA,KNN,1,0.8953,0.7177,0.8816
Chi2,PCA,KNN,2,0.8951,0.7131,0.8752
Chi2,PCA,KNN,3,0.8938,0.7161,0.873
Chi2,PCA,KNN,4,0.8956,0.7106,0.8802
Chi2,PCA,KNN,5,0.872,0.7006,0.8604
Chi2,PCA,NB,1,0.7494,0.574,0.7334
Chi2,PCA,NB,2,0.7621,0.5812,0.7503
Chi2,PCA,NB,3,0.7539,0.5762,0.7413
Chi2,PCA,NB,4,0.7437,0.5724,0.7356
Chi2,PCA,NB,5,0.7382,0.5641,0.7226
Chi2,PCA,SVM,1,0.8429,0.6772,0.8326
Chi2,PCA,SVM,2,0.8428,0.6713,0.8339
Chi2,PCA,SVM,3,0.8493,0.6775,0.8369
Chi2,PCA,SVM,4,0.845,0.6594,0.8269
Chi2,PCA,SVM,5,0.8502,0.6642,0.8324
Chi2,PCA,RF,1,0.9228,0.745,0.9058
Chi2,PCA,RF,2,0.8986,0.7291,0.8871
Chi2,PCA,RF,3,0.9155,0.7435,0.9119
Chi2,PCA,RF,4,0.9065,0.7353,0.8915
Chi2,PCA,RF,5,0.9012,0.7205,0.8914
Chi2,PCA,ET,1,0.9259,0.7578,0.911
Chi2,PCA,ET,2,0.9353,0.7603,0.9284
Chi2,PCA,ET,3,0.8931,0.7272,0.8785
Chi2,PCA,ET,4,0.9108,0.7232,0.8945
Chi2,PCA,ET,5,0.9272,0.7582,0.9158
Chi2,PCA,GB,1,0.8839,0.7262,0.8784
Chi2,PCA,GB,2,0.8975,0.7275,0.8855
Chi2,PCA,GB,3,0.8944,0.7117,0.8755
Chi2,PCA,GB,4,0.9037,0.7301,0.8874
Chi2,PCA,GB,5,0.9045,0.7352,0.8969
Chi2,PCA,XGB,1,0.8979,0.7123,0.8834
Chi2,PCA,XGB,2,0.8874,0.731,0.8869
Chi2,PCA,XGB,3,0.9208,0.7477,0.9073
Chi2,PCA,XGB,4,0.908,0.7338,0.8934
Chi2,PCA,XGB,5,0.8903,0.7195,0.8756
Chi2,PCA,LGBM,1,0.9157,0.7387,0.9011
Chi2,PCA,LGBM,2,0.8842,0.7146,0.8708
Chi2,PCA,LGBM,3,0.8977,0.7267,0.8857
Chi2,PCA,LGBM,4,0.8719,0.706,0.8567
Chi2,PCA,LGBM,5,0.8942,0.7254,0.8807
Chi2,PCA,CAT,1,0.9472,0.7769,0.9332
Chi2,PCA,CAT,2,0.8994,0.7345,0.8912
Chi2,PCA,CAT,3,0.9084,0.7482,0.9051
Chi2,PCA,CAT,4,0.9282,0.7562,0.9124
Chi2,PCA,CAT,5,0.9171,0.7384,0.8964
Chi2,PCA,STACK,1,0.9248,0.7488,0.9106
Chi2,PCA,STACK,2,0.9135,0.7423,0.8973
Chi2,PCA,STACK,3,0.9488,0.7844,0.9484
Chi2,PCA,STACK,4,0.931,0.7733,0.9235
Chi2,PCA,STACK,5,0.9319,0.7596,0.9207
Chi2,LDA,DT,1,0.8957,0.7167,0.891
Chi2,LDA,DT,2,0.9052,0.7234,0.8897
Chi2,LDA,DT,3,0.8871,0.7002,0.8685
Chi2,LDA,DT,4,0.8847,0.7099,0.8658
Chi2,LDA,DT,5,0.8905,0.7222,0.8761
Chi2,LDA,LR,1,0.875,0.72,0.8736
Chi2,LDA,LR,2,0.8965,0.7344,0.8894
Chi2,LDA,LR,3,0.9001,0.7241,0.8887
Chi2,LDA,LR,4,0.9176,0.7407,0.9
Chi2,LDA,LR,5,0.9217,0.7501,0.9101
Chi2,LDA,KNN,1,0.9222,0.7449,0.9016
Chi2,LDA,KNN,2,0.9305,0.7736,0.9237
Chi2,LDA,KNN,3,0.9297,0.7572,0.9174
Chi2,LDA,KNN,4,0.9386,0.7644,0.9267
Chi2,LDA,KNN,5,0.9175,0.7576,0.9189
Chi2,LDA,NB,1,0.7875,0.6135,0.7724
Chi2,LDA,NB,2,0.8174,0.6319,0.7995
Chi2,LDA,NB,3,0.803,0.6274,0.7883
Chi2,LDA,NB,4,0.789,0.6187,0.776
Chi2,LDA,NB,5,0.786,0.6117,0.7727
Chi2,LDA,SVM,1,0.8936,0.7322,0.8847
Chi2,LDA,SVM,2,0.8992,0.7294,0.8858
Chi2,LDA,SVM,3,0.8791,0.7061,0.8738
Chi2,LDA,SVM,4,0.8814,0.7084,0.8634
Chi2,LDA,SVM,5,0.8853,0.716,0.8651
Chi2,LDA,RF,1,0.944,0.7665,0.9276
Chi2,LDA,RF,2,0.9385,0.7779,0.9333
Chi2,LDA,RF,3,0.9572,0.7649,0.9401
Chi2,LDA,RF,4,0.9578,0.7997,0.9489
Chi2,LDA,RF,5,0.9528,0.7677,0.9319
Chi2,LDA,ET,1,0.9556,0.7817,0.9369
Chi2,LDA,ET,2,0.9484,0.7756,0.9392
Chi2,LDA,ET,3,0.9594,0.7987,0.9555
Chi2,LDA,ET,4,0.9567,0.7919,0.9426
Chi2,LDA,ET,5,0.9854,0.8128,0.9805
Chi2,LDA,GB,1,0.9058,0.755,0.8992
Chi2,LDA,GB,2,0.9319,0.7563,0.9102
Chi2,LDA,GB,3,0.9483,0.7793,0.9399
Chi2,LDA,GB,4,0.9521,0.7764,0.9394
Chi2,LDA,GB,5,0.9597,0.7855,0.9512
Chi2,LDA,XGB,1,0.9447,0.772,0.9399
Chi2,LDA,XGB,2,0.9713,0.7893,0.951
Chi2,LDA,XGB,3,0.9469,0.7761,0.9273
Chi2,LDA,XGB,4,0.9256,0.7744,0.9202
Chi2,LDA,XGB,5,0.9663,0.7844,0.9518
Chi2,LDA,LGBM,1,0.941,0.7737,0.9288
Chi2,LDA,LGBM,2,0.9511,0.7827,0.9379
Chi2,LDA,LGBM,3,0.9654,0.7959,0.9548
Chi2,LDA,LGBM,4,0.9421,0.772,0.9333
Chi2,LDA,LGBM,5,0.964,0.7857,0.9484
Chi2,LDA,CAT,1,0.9656,0.7802,0.9453
Chi2,LDA,CAT,2,0.9524,0.7825,0.9407
Chi2,LDA,CAT,3,0.9532,0.777,0.9353
Chi2,LDA,CAT,4,0.9565,0.7886,0.9466
Chi2,LDA,CAT,5,0.9469,0.7741,0.9393
Chi2,LDA,STACK,1,0.9741,0.8102,0.9706
Chi2,LDA,STACK,2,0.97,0.8067,0.9692
Chi2,LDA,STACK,3,0.9639,0.7937,0.9536
Chi2,LDA,STACK,4,0.9921,0.8139,0.9804
Chi2,LDA,STACK,5,0.9753,0.8132,0.9744
Chi2,ICA,DT,1,0.8588,0.6841,0.8425
Chi2,ICA,DT,2,0.8611,0.6834,0.8464
Chi2,ICA,DT,3,0.8408,0.6741,0.8234
Chi2,ICA,DT,4,0.8582,0.6799,0.8459
Chi2,ICA,DT,5,0.8688,0.698,0.8462
Chi2,ICA,LR,1,0.8313,0.6663,0.8179
Chi2,ICA,LR,2,0.8934,0.7131,0.8771
Chi2,ICA,LR,3,0.8677,0.6867,0.849
Chi2,ICA,LR,4,0.8464,0.6803,0.8334
Chi2,ICA,LR,5,0.8878,0.7168,0.8811
Chi2,ICA,KNN,1,0.8903,0.7282,0.886
Chi2,ICA,KNN,2,0.9254,0.7595,0.9165
Chi2,ICA,KNN,3,0.8868,0.7141,0.8752
Chi2,ICA,KNN,4,0.9264,0.7499,0.9151
Chi2,ICA,KNN,5,0.922,0.742,0.9136
Chi2,ICA,NB,1,0.7638,0.5903,0.7548
Chi2,ICA,NB,2,0.7703,0.6007,0.7542
Chi2,ICA,NB,3,0.7656,0.6035,0.7599
Chi2,ICA,NB,4,0.7643,0.5989,0.7592
Chi2,ICA,NB,5,0.7823,0.6072,0.7629
Chi2,ICA,SVM,1,0.8783,0.7011,0.8627
Chi2,ICA,SVM,2,0.8428,0.6678,0.8279
Chi2,ICA,SVM,3,0.841,0.6698,0.8211
Chi2,ICA,SVM,4,0.8754,0.6898,0.8584
Chi2,ICA,SVM,5,0.8157,0.6512,0.8044
Chi2,ICA,RF,1,0.9251,0.7557,0.9165
Chi2,ICA,RF,2,0.9263,0.7539,0.9078
Chi2,ICA,RF,3,0.9163,0.7434,0.8999
Chi2,ICA,RF,4,0.9168,0.7482,0.9093
Chi2,ICA,RF,5,0.9214,0.7546,0.917
Chi2,ICA,ET,1,0.909,0.7399,0.8929
Chi2,ICA,ET,2,0.951,0.7666,0.9316
Chi2,ICA,ET,3,0.9222,0.7552,0.9108
Chi2,ICA,ET,4,0.9422,0.7629,0.9295
Chi2,ICA,ET,5,0.9273,0.7668,0.9233
Chi2,ICA,GB,1,0.9388,0.7676,0.9286
Chi2,ICA,GB,2,0.93,0.7467,0.9203
Chi2,ICA,GB,3,0.9054,0.7398,0.8954
Chi2,ICA,GB,4,0.9011,0.7212,0.8889
Chi2,ICA,GB,5,0.9113,0.7345,0.9012
Chi2,ICA,XGB,1,0.9434,0.7727,0.9317
Chi2,ICA,XGB,2,0.9311,0.7587,0.9223
Chi2,ICA,XGB,3,0.9115,0.7478,0.909
Chi2,ICA,XGB,4,0.8929,0.7206,0.8802
Chi2,ICA,XGB,5,0.946,0.7689,0.9283
Chi2,ICA,LGBM,1,0.9314,0.7617,0.9225
Chi2,ICA,LGBM,2,0.8975,0.7336,0.8926
Chi2,ICA,LGBM,3,0.9217,0.7478,0.9127
Chi2,ICA,LGBM,4,0.9239,0.7568,0.9116
Chi2,ICA,LGBM,5,0.9067,0.7477,0.896
Chi2,ICA,CAT,1,0.9515,0.7661,0.9332
Chi2,ICA,CAT,2,0.9115,0.7465,0.9074
Chi2,ICA,CAT,3,0.9401,0.7635,0.9237
Chi2,ICA,CAT,4,0.9198,0.7393,0.9074
Chi2,ICA,CAT,5,0.9264,0.7389,0.9035
Chi2,ICA,STACK,1,0.9491,0.7835,0.9451
Chi2,ICA,STACK,2,0.9568,0.7775,0.9434
Chi2,ICA,STACK,3,0.9555,0.7781,0.9339
Chi2,ICA,STACK,4,0.9366,0.7734,0.9234
Chi2,ICA,STACK,5,0.9418,0.7762,0.9338
Chi2,SVD,DT,1,0.8298,0.6595,0.8127
Chi2,SVD,DT,2,0.8254,0.6579,0.8124
Chi2,SVD,DT,3,0.8509,0.6783,0.8404
Chi2,SVD,DT,4,0.8319,0.6619,0.8223
Chi2,SVD,DT,5,0.8442,0.667,0.8325
Chi2,SVD,LR,1,0.8569,0.6901,0.8465
Chi2,SVD,LR,2,0.8485,0.6801,0.8422
Chi2,SVD,LR,3,0.8525,0.6682,0.8391
Chi2,SVD,LR,4,0.8326,0.6735,0.8236
Chi2,SVD,LR,5,0.8663,0.6922,0.8602
Chi2,SVD,KNN,1,0.8947,0.7153,0.8792
Chi2,SVD,KNN,2,0.8913,0.7172,0.8772
Chi2,SVD,KNN,3,0.886,0.7083,0.8703
Chi2,SVD,KNN,4,0.8957,0.7109,0.8788
Chi2,SVD,KNN,5,0.8789,0.7087,0.8658
Chi2,SVD,NB,1,0.7556,0.5797,0.7425
Chi2,SVD,NB,2,0.7684,0.5733,0.7468
Chi2,SVD,NB,3,0.76,0.5812,0.7445
Chi2,SVD,NB,4,0.7694,0.5888,0.7513
Chi2,SVD,NB,5,0.7177,0.553,0.709
Chi2,SVD,SVM,1,0.8126,0.6459,0.8035
Chi2,SVD,SVM,2,0.8223,0.654,0.8076
Chi2,SVD,SVM,3,0.8252,0.6545,0.8175
Chi2,SVD,SVM,4,0.8213,0.6664,0.8182
Chi2,SVD,SVM,5,0.8526,0.6698,0.8293
Chi2,SVD,RF,1,0.9188,0.7424,0.9052
Chi2,SVD,RF,2,0.904,0.7299,0.8938
Chi2,SVD,RF,3,0.917,0.742,0.8987
Chi2,SVD,RF,4,0.9101,0.7366,0.8956
Chi2,SVD,RF,5,0.8906,0.7299,0.8794
Chi2,SVD,ET,1,0.9232,0.7511,0.9069
Chi2,SVD,ET,2,0.9171,0.7501,0.9136
Chi2,SVD,ET,3,0.9545,0.773,0.9418
Chi2,SVD,ET,4,0.8886,0.7307,0.8845
Chi2,SVD,ET,5,0.9084,0.7361,0.9027
Chi2,SVD,GB,1,0.9044,0.7228,0.8874
Chi2,SVD,GB,2,0.9059,0.7287,0.8842
Chi2,SVD,GB,3,0.9125,0.7321,0.8956
Chi2,SVD,GB,4,0.8768,0.7167,0.8701
Chi2,SVD,GB,5,0.9113,0.7432,0.906
Chi2,SVD,XGB,1,0.8869,0.7211,0.8814
Chi2,SVD,XGB,2,0.9075,0.7328,0.8943
Chi2,SVD,XGB,3,0.9304,0.7476,0.9179
Chi2,SVD,XGB,4,0.9215,0.7378,0.9075
Chi2,SVD,XGB,5,0.9163,0.738,0.9033
Chi2,SVD,LGBM,1,0.9007,0.7241,0.8907
Chi2,SVD,LGBM,2,0.9013,0.7228,0.8843
Chi2,SVD,LGBM,3,0.892,0.707,0.8753
Chi2,SVD,LGBM,4,0.8874,0.7127,0.8782
Chi2,SVD,LGBM,5,0.9139,0.7398,0.8998
Chi2,SVD,CAT,1,0.8895,0.7195,0.8793
Chi2,SVD,CAT,2,0.9146,0.7434,0.9001
Chi2,SVD,CAT,3,0.9415,0.7642,0.924
Chi2,SVD,CAT,4,0.9016,0.7301,0.8953
Chi2,SVD,CAT,5,0.9163,0.7509,0.9082
Chi2,SVD,STACK,1,0.923,0.7513,0.9079
Chi2,SVD,STACK,2,0.944,0.763,0.9288
Chi2,SVD,STACK,3,0.9298,0.7536,0.912
Chi2,SVD,STACK,4,0.964,0.7795,0.9469
Chi2,SVD,STACK,5,0.916,0.7497,0.8975
